Name,Timing,Result
array_eq_c_str_ignore_case2_unsat_test,0.552107,passed
array_list_capacity2_unsat_test,0.436572,passed
array_list_back2_unsat_test,0.759984,passed
array_eq_c_str2_unsat_test,0.99893,passed
string_new_from_string_unsat_test,3.49638,passed
array_eq_ignore_case2_unsat_test,1.04938,passed
array_list_init_static2_unsat_test,0.399645,passed
array_eq2_unsat_test,1.47392,passed
array_list_front2_unsat_test,0.735383,passed
array_list_get_at2_unsat_test,0.873119,passed
array_list_get_at_ptr2_unsat_test,0.782562,passed
array_list_ensure_capacity2_unsat_test,1.36512,passed
array_list_length2_unsat_test,0.86525,passed
array_list_sort2_unsat_test,0.429218,passed
array_list_push_back2_unsat_test,0.934281,passed
byte_buf_advance2_unsat_test,0.528509,passed
byte_buf_append2_unsat_test,0.470278,passed
array_list_pop_back2_unsat_test,1.31378,passed
byte_buf_append_dynamic2_unsat_test,0.627536,passed
byte_buf_append_with_lookup2_unsat_test,0.555342,passed
byte_buf_eq_c_str2_unsat_test,0.537241,passed
byte_buf_eq_c_str_ignore_case2_unsat_test,0.549508,passed
byte_buf_eq2_unsat_test,1.47076,passed
byte_buf_cat2_unsat_test,1.01069,passed
array_list_pop_front2_unsat_test,2.15894,passed
byte_buf_write2_unsat_test,0.587756,passed
byte_buf_write_be162_unsat_test,0.598718,passed
array_list_clear2_unsat_test,1.14331,passed
array_list_shrink_to_fit2_unsat_test,2.64568,passed
byte_buf_eq_ignore_case2_unsat_test,1.52179,passed
byte_buf_write_be322_unsat_test,0.436279,passed
byte_buf_write_be642_unsat_test,0.451639,passed
byte_buf_write_from_whole_buffer2_unsat_test,0.57554,passed
byte_buf_write_from_whole_cursor2_unsat_test,0.592463,passed
byte_buf_write_u82_unsat_test,0.48791,passed
array_list_pop_front_n2_unsat_test,1.67859,passed
byte_cursor_advance2_unsat_test,0.442017,passed
byte_buf_init_copy2_unsat_test,2.36955,passed
byte_cursor_read_u8_2_unsat_test,0.52173,passed
byte_cursor_read2_unsat_test,0.618319,passed
byte_cursor_from_buf2_unsat_test,0.488252,passed
byte_cursor_read_be32_2_unsat_test,0.720803,passed
byte_cursor_eq2_unsat_test,0.84257,passed
byte_cursor_eq_c_str2_unsat_test,0.55264,passed
array_list_erase2_unsat_test,3.06105,passed
byte_cursor_eq_byte_buf_ignore_case2_unsat_test,0.96029,passed
byte_cursor_left_trim_pred2_unsat_test,0.603585,passed
byte_cursor_trim_pred2_unsat_test,0.745978,passed
byte_cursor_advance_nospec2_unsat_test,0.624959,passed
byte_cursor_compare_lookup2_unsat_test,1.0974,passed
byte_cursor_read_be64_2_unsat_test,1.203,passed
byte_cursor_eq_c_str_ignore_case2_unsat_test,0.557448,passed
byte_cursor_read_be16_2_unsat_test,0.624426,passed
byte_cursor_eq_byte_buf2_unsat_test,0.68788,passed
byte_cursor_right_trim_pred2_unsat_test,0.499445,passed
byte_cursor_satisfies_pred2_unsat_test,0.465299,passed
byte_cursor_read_and_fill_buffer2_unsat_test,0.672458,passed
byte_buf_write_from_whole_string2_unsat_test,2.94164,passed
hash_table_get_entry_count2_unsat_test,0.548529,passed
hash_iter_done2_unsat_test,0.721864,passed
byte_cursor_compare_lexical2_unsat_test,0.867965,passed
byte_cursor_eq_ignore_case2_unsat_test,1.06751,passed
hash_iter_begin2_unsat_test,1.00324,passed
hash_iter_next2_unsat_test,1.17435,passed
hash_iter_begin_done2_unsat_test,1.64119,passed
hash_table_find2_unsat_test,1.91884,passed
array_list_set_at2_unsat_test,8.69995,passed
ring_buffer_release2_unsat_test,6.92762,passed
ring_buffer_acquire2_unsat_test,7.66748,passed
ring_buffer_acquire_up_to2_unsat_test,20.971,passed
ring_buffer_buf_belongs_to_pool2_unsat_test,22.2283,passed